Workbook

Sheet Summary
A1: Metric | B1: Current Process | C1: Express Line
A2: Average wait, all customers (min) | B2: =AVERAGE('Current Process'!H2:H9) -> 6.875 | C2: =AVERAGE('Express Line'!H2:H9) -> 1.75
A3: Average wait, quick transactions (min) | B3: =AVERAGEIF('Current Process'!D2:D9,"Quick",'Current Process'!H2:H9) -> 6.8333333 | C3: =AVERAGEIF('Express Line'!D2:D9,"Quick",'Express Line'!H2:H9) -> 0.66666667
A4: Average wait, long transactions (min) | B4: =AVERAGEIF('Current Process'!D2:D9,"Long",'Current Process'!H2:H9) -> 7 | C4: =AVERAGEIF('Express Line'!D2:D9,"Long",'Express Line'!H2:H9) -> 5
A5: Longest single wait (min) | B5: =MAX('Current Process'!H2:H9) -> 28 | C5: =MAX('Express Line'!H2:H9) -> 10
A6: Customers who waited | B6: =COUNTIF('Current Process'!H2:H9,">0") -> 4 | C6: =COUNTIF('Express Line'!H2:H9,">0") -> 3
A7: Staff serving the queue | B7: 1 | C7: 2 (no one added)
A9: Reduction in average wait | C9: =1-C2/B2 -> 0.74545455

Sheet Assumptions
A1: Assumption | B1: Value | C1: Notes
A2: Long-transaction threshold (min) | B2: 10 | C2: Transactions this long or longer are sent to the personal banker in the express-line scenario
A3: Staff in current process | B3: 1 teller | C3: Personal banker does other work and does not serve the queue
A4: Staff in express-line process | B4: 1 teller + 1 personal banker | C4: Same people, no one added; banker takes long transactions only
A5: Queue rule | B5: First come, first served | C5: Each server serves its own queue in arrival order
A6: Data source | B6: Simulated | C6: Created for educational purposes; 8 customers, 9:00–9:33

Sheet Current Process
A1: Customer | B1: Arrival Time | C1: Service Time (min) | D1: Transaction Type | E1: Server | F1: Service Start | G1: Service End | H1: Wait Time (min)
A2: 1 | B2: 0.375 | C2: 4 | D2: =IF(C2>=Assumptions!$B$2,"Long","Quick") -> Quick | E2: Teller | F2: =B2 -> 0.375 | G2: =F2+C2/1440 -> 0.37777778 | H2: =ROUND((F2-B2)*1440,0) -> 0
A3: 2 | B3: 0.37638889 | C3: 4 | D3: =IF(C3>=Assumptions!$B$2,"Long","Quick") -> Quick | E3: Teller | F3: =MAX(B3,_xlfn.MAXIFS(G$2:G2,E$2:E2,E3)) -> 0.37777778 | G3: =F3+C3/1440 -> 0.38055556 | H3: =ROUND((F3-B3)*1440,0) -> 2
A4: 3 | B4: 0.38194444 | C4: 3 | D4: =IF(C4>=Assumptions!$B$2,"Long","Quick") -> Quick | E4: Teller | F4: =MAX(B4,_xlfn.MAXIFS(G$2:G3,E$2:E3,E4)) -> 0.38194444 | G4: =F4+C4/1440 -> 0.38402778 | H4: =ROUND((F4-B4)*1440,0) -> 0
A5: 4 | B5: 0.38541667 | C5: 3 | D5: =IF(C5>=Assumptions!$B$2,"Long","Quick") -> Quick | E5: Teller | F5: =MAX(B5,_xlfn.MAXIFS(G$2:G4,E$2:E4,E5)) -> 0.38541667 | G5: =F5+C5/1440 -> 0.3875 | H5: =ROUND((F5-B5)*1440,0) -> 0
A6: 5 | B6: 0.39583333 | C6: 12 | D6: =IF(C6>=Assumptions!$B$2,"Long","Quick") -> Long | E6: Teller | F6: =MAX(B6,_xlfn.MAXIFS(G$2:G5,E$2:E5,E6)) -> 0.39583333 | G6: =F6+C6/1440 -> 0.40416667 | H6: =ROUND((F6-B6)*1440,0) -> 0
A7: 6 | B7: 0.39652778 | C7: 4 | D7: =IF(C7>=Assumptions!$B$2,"Long","Quick") -> Quick | E7: Teller | F7: =MAX(B7,_xlfn.MAXIFS(G$2:G6,E$2:E6,E7)) -> 0.40416667 | G7: =F7+C7/1440 -> 0.40694444 | H7: =ROUND((F7-B7)*1440,0) -> 11
A8: 7 | B8: 0.39722222 | C8: 15 | D8: =IF(C8>=Assumptions!$B$2,"Long","Quick") -> Long | E8: Teller | F8: =MAX(B8,_xlfn.MAXIFS(G$2:G7,E$2:E7,E8)) -> 0.40694444 | G8: =F8+C8/1440 -> 0.41736111 | H8: =ROUND((F8-B8)*1440,0) -> 14
A9: 8 | B9: 0.39791667 | C9: 4 | D9: =IF(C9>=Assumptions!$B$2,"Long","Quick") -> Quick | E9: Teller | F9: =MAX(B9,_xlfn.MAXIFS(G$2:G8,E$2:E8,E9)) -> 0.41736111 | G9: =F9+C9/1440 -> 0.42013889 | H9: =ROUND((F9-B9)*1440,0) -> 28
G11: Average wait (min) | H11: =AVERAGE(H2:H9) -> 6.875
A13: Blue = simulated inputs (arrival and service times). Black = formulas.

Sheet Express Line
A1: Customer | B1: Arrival Time | C1: Service Time (min) | D1: Transaction Type | E1: Server | F1: Service Start | G1: Service End | H1: Wait Time (min)
A2: 1 | B2: 0.375 | C2: 4 | D2: =IF(C2>=Assumptions!$B$2,"Long","Quick") -> Quick | E2: =IF(D2="Long","Personal Banker","Teller") -> Teller | F2: =B2 -> 0.375 | G2: =F2+C2/1440 -> 0.37777778 | H2: =ROUND((F2-B2)*1440,0) -> 0
A3: 2 | B3: 0.37638889 | C3: 4 | D3: =IF(C3>=Assumptions!$B$2,"Long","Quick") -> Quick | E3: =IF(D3="Long","Personal Banker","Teller") -> Teller | F3: =MAX(B3,_xlfn.MAXIFS(G$2:G2,E$2:E2,E3)) -> 0.37777778 | G3: =F3+C3/1440 -> 0.38055556 | H3: =ROUND((F3-B3)*1440,0) -> 2
A4: 3 | B4: 0.38194444 | C4: 3 | D4: =IF(C4>=Assumptions!$B$2,"Long","Quick") -> Quick | E4: =IF(D4="Long","Personal Banker","Teller") -> Teller | F4: =MAX(B4,_xlfn.MAXIFS(G$2:G3,E$2:E3,E4)) -> 0.38194444 | G4: =F4+C4/1440 -> 0.38402778 | H4: =ROUND((F4-B4)*1440,0) -> 0
A5: 4 | B5: 0.38541667 | C5: 3 | D5: =IF(C5>=Assumptions!$B$2,"Long","Quick") -> Quick | E5: =IF(D5="Long","Personal Banker","Teller") -> Teller | F5: =MAX(B5,_xlfn.MAXIFS(G$2:G4,E$2:E4,E5)) -> 0.38541667 | G5: =F5+C5/1440 -> 0.3875 | H5: =ROUND((F5-B5)*1440,0) -> 0
A6: 5 | B6: 0.39583333 | C6: 12 | D6: =IF(C6>=Assumptions!$B$2,"Long","Quick") -> Long | E6: =IF(D6="Long","Personal Banker","Teller") -> Personal Banker | F6: =MAX(B6,_xlfn.MAXIFS(G$2:G5,E$2:E5,E6)) -> 0.39583333 | G6: =F6+C6/1440 -> 0.40416667 | H6: =ROUND((F6-B6)*1440,0) -> 0
A7: 6 | B7: 0.39652778 | C7: 4 | D7: =IF(C7>=Assumptions!$B$2,"Long","Quick") -> Quick | E7: =IF(D7="Long","Personal Banker","Teller") -> Teller | F7: =MAX(B7,_xlfn.MAXIFS(G$2:G6,E$2:E6,E7)) -> 0.39652778 | G7: =F7+C7/1440 -> 0.39930556 | H7: =ROUND((F7-B7)*1440,0) -> 0
A8: 7 | B8: 0.39722222 | C8: 15 | D8: =IF(C8>=Assumptions!$B$2,"Long","Quick") -> Long | E8: =IF(D8="Long","Personal Banker","Teller") -> Personal Banker | F8: =MAX(B8,_xlfn.MAXIFS(G$2:G7,E$2:E7,E8)) -> 0.40416667 | G8: =F8+C8/1440 -> 0.41458333 | H8: =ROUND((F8-B8)*1440,0) -> 10
A9: 8 | B9: 0.39791667 | C9: 4 | D9: =IF(C9>=Assumptions!$B$2,"Long","Quick") -> Quick | E9: =IF(D9="Long","Personal Banker","Teller") -> Teller | F9: =MAX(B9,_xlfn.MAXIFS(G$2:G8,E$2:E8,E9)) -> 0.39930556 | G9: =F9+C9/1440 -> 0.40208333 | H9: =ROUND((F9-B9)*1440,0) -> 2
G11: Average wait (min) | H11: =AVERAGE(H2:H9) -> 1.75
A13: Blue = simulated inputs (arrival and service times). Black = formulas.
